iso3,date,renewables_share,co2_capita,greenhousegas_capita,inflation,gdp,hospital_beds_1000,physicians_1000,maternal_death_risk,suicides_100k,health_expenditure_share,poverty,infant_mortality_1000,life_expectancy,fertility,population,female_population
ABW,1999,0.0,,,2.19006039474596,2489269129.82878,,,,,,,,73.738,1.903,89009.0,45858.0
AFG,1999,73.7226277372263,0.0401569651487615,15670.0000762939,,,,,,,,,93.0,55.376,7.561,20170847.0,9784258.0
AGO,1999,66.9662921348315,1.1098596566393,58639.9993896484,557.501113091215,50891312281.9503,,,,,,,124.3,46.093,6.683,15866871.0,7969817.0
ALB,1999,97.3291582243507,0.955359308384195,7820.00017166138,2.10284998886902,10792624922.3438,3.0299999714,,,,,,25.3,73.587,2.246,3108778.0,1543050.0
AND,1999,100.0,7.92319164802386,569.999992847443,2.73197952535102,,3.2000000477,,,,,,7.7,,,64368.0,
ARE,1999,0.0,28.8871079817493,108830.001831055,8.44337745491752,271631571824.845,,,,,,,9.9,74.106,2.768,2966029.0,971239.0
ARG,1999,27.2944188300794,3.68851827413871,288709.991455078,-1.83655839220664,421755390917.54,,,,,,4.2,18.2,73.396,2.577,36467218.0,18763440.0
ARM,1999,20.9900297358755,1.00679179804598,5619.99988555908,0.0538040809325366,7526162157.25132,6.1999998093,0.6928,,,,11.9,28.2,70.944,1.685,3089020.0,1638218.0
ASM,1999,0.0,,,,,,0.781,,,,,,,,57049.0,
ATG,1999,0.0,4.41920882770442,579.999983310699,1.50421516578423,1177374335.44101,,0.1606,,,,,12.8,73.705,2.203,74674.0,39545.0
AUS,1999,8.54405358817839,17.6323576032971,572760.009765625,0.487575649141377,478757083927.676,7.9000000954,,,,,,5.2,78.9317073170732,1.755,18926000.0,9489571.0
AUT,1999,70.6789505307431,7.88881932213959,78470.0012207031,0.256349694475674,220639956878.73,8.8999996185,3.7613,,,,,4.7,77.8756097560976,1.34,7992324.0,4116125.0
AZE,1999,8.2856514084507,3.27205536939025,36009.9983215332,2.16214167529371,23955634496.4708,8.8999996185,3.5367,,,,,64.7,66.491,2.07,7982750.0,4082757.0
BDI,1999,98.0,0.0366994025337267,1929.99994754791,14.9541402608853,3312343716.22962,,,,,,,97.3,48.339,6.976,6267132.0,3193517.0
BEL,1999,1.01960031667586,11.295253988713,138139.999389648,0.598897782801686,260168701709.78,7.0999999046,2.7929,,,,,5.0,77.619512195122,1.62,10226419.0,5219839.0
BEN,1999,2.77777777777778,0.20107735445826,6539.99996185303,48.3425433908146,11148038682.5953,,,,,,,86.8,55.218,6.038,6664102.0,3384292.0
BFA,1999,34.6485134759656,0.078881855896853,15010.0002288818,17.3908245064623,10259110711.9939,,,,,,,92.3,50.168,6.65,11282696.0,5744496.0
BGD,1999,5.76470588235294,0.160636276216274,112940.002441406,3.78103773718786,157681504550.442,0.3000000119,,,,,,66.4,64.881,3.269,125189655.0,60836454.0
BGR,1999,7.24111628396328,5.39788449696393,58330.0018310547,3.31912931185813,47685758137.2379,7.4899997711,,,,,,14.9,71.4121951219512,1.23,8210624.0,4206651.0
BHR,1999,0.0,24.2718446601942,24370.0008392334,2.65643374278032,26004071347.1369,,,,,,,11.3,74.239,2.856,636540.0,272674.0
BHS,1999,0.0,7.8894658627573,2529.99997138977,0.223912944601892,7835934751.55605,,,,,,,13.9,71.858,2.166,294063.0,150496.0
BIH,1999,54.4809927122316,2.81031470983367,14989.9997711182,8.35572908019428,14957037352.8175,3.7999999523,,,,,,9.1,74.05,1.562,3743353.0,1906472.0
BLR,1999,0.071654849901946,5.48034664912956,81519.9966430664,316.793435140463,53512859527.815,12.6400003433,3.2903,,,,19.2,10.7,67.9073170731707,1.31,10026738.0,5319112.0
BLZ,1999,45.5089820359281,1.71563191744881,1789.99996185303,-2.25525349765624,1186222743.75312,,,,,,18.0,20.7,68.734,3.703,238979.0,118646.0
BMU,1999,0.0,,,2.7121512028961,2982406330.88787,,,,,,,,,,61285.0,
BOL,1999,47.3589281113115,0.995510996278824,31760.0002288818,2.41156588906529,27574030464.4297,,,,,,21.9,58.7,61.835,4.133,8257066.0,4103291.0
BRA,1999,90.0369268275195,1.7465315453855,748830.017089844,8.01050087686829,1481869627113.38,,1.3734,,,,15.0,32.3,69.769,2.365,172318674.0,86926088.0
BRB,1999,0.0,4.80671461056368,3640.00010490417,4.43342351579929,3226526908.05637,,,,,,,13.6,76.933,1.762,270455.0,140479.0
BRN,1999,0.0,13.5800425487563,6210.00003814697,11.5939764773489,21021308134.4865,,,,,,,8.5,72.538,2.413,326214.0,160335.0
BTN,1999,100.0,0.346089021017986,910.000026226044,6.17025886010222,1505995818.20968,1.6000000238,0.051,,,,,60.3,59.974,3.701,577886.0,282923.0
BWA,1999,0.0,2.39712841404494,13890.0003433228,14.2352083986974,13317602945.8254,,0.3148,,,,,45.6,51.214,3.371,1610260.0,831779.0
CAF,1999,78.5046728971963,0.0674532654266321,21799.9992370605,4.08471548975844,2459352225.4633,,,,,,,110.6,44.461,5.52,3558019.0,1804003.0
CAN,1999,61.1837048424289,16.258522748018,625309.997558594,3.07133514189172,846412945809.995,3.9000000954,2.1,,,,,5.3,78.8853658536585,1.54,30401286.0,15344448.0
CHE,1999,59.3755915716512,6.23321054015886,53479.9995422363,0.039832310245373,248740021832.269,,,,,,,4.7,79.580487804878,1.48,7143991.0,3654041.0
CHI,1999,0.0,,,3.90963039844397,,,,,,,,,78.742,1.546,147553.0,75779.0
CHL,1999,38.0307371711383,3.58970614993892,73779.9987792969,2.18776787074258,136620685313.385,,,,,,,9.8,76.092,2.11,15162801.0,7703459.0
CHN,1999,16.6814659250101,2.51741988529098,4376500.0,-1.26305893887778,3319971595766.32,2.5199999809,1.212,,,,46.0,31.9,71.063,1.595,1252735000.0,610004104.0
CIV,1999,36.412705003114,0.426007728141952,25719.9993133545,-0.775911929716116,52756702600.1526,,,,,,,97.2,49.891,5.943,16032573.0,7758050.0
CMR,1999,98.7559241706161,0.316954106765759,81389.9993896484,2.18778850065175,29608124920.0371,,,,,,,89.1,50.878,5.645,15112598.0,7590734.0
COD,1999,99.5476818695816,0.0455143188809401,34619.9989318848,441.902491875352,22097352046.8172,,,,,,,108.5,49.557,6.76,45919615.0,23157971.0
COG,1999,85.5855855855856,1.30330380933323,11680.0003051758,29.3553419281933,10504103233.1681,,,,,,,73.1,51.925,4.88,3038432.0,1540143.0
COL,1999,79.8608192050815,1.42053219802896,135839.996337891,12.6229408341709,251611632162.076,,1.3276,,,,21.4,21.8,72.619,2.627,38999468.0,19875544.0
COM,1999,0.0,0.189088461254829,319.999992847443,5.81136042283326,860837025.389184,,,,,,,72.9,59.388,5.466,528853.0,262867.0
CPV,1999,6.65075034106412,0.45189032859562,349.999994039536,7.61207819396112,1109609055.82566,,,,,,,34.2,68.041,3.697,420456.0,218290.0
CRI,1999,97.8471997410165,1.29458067425262,10579.9999237061,11.0294713533385,29206311772.9555,,1.719,,,,6.8,11.7,77.293,2.459,3885428.0,1934770.0
CUB,1999,6.78995307756003,2.52601046508093,43540.0009155273,3.78909596676355,,,5.8516,,,,,7.3,76.475,1.603,11084673.0,5555567.0
CUW,1999,0.718778077268643,,,,,,,,,,,,,,139428.0,73898.0
CYM,1999,0.0,,,,,,,,,,,,,,40423.0,
CYP,1999,0.0,7.41861391783804,7889.9998664856,2.30199201920756,13501992603.8479,,,,,,,6.0,77.875,1.783,926049.0,459549.0
CZE,1999,3.67524431490516,10.8859902799144,133270.004272461,3.04179627426102,158333514882.971,,3.0712,,,,,4.8,74.6682926829268,1.13,10283860.0,5281796.0
DEU,1999,5.19722375553122,10.1533195218436,965059.997558594,0.343135141558832,2158514818382.19,9.1999998093,3.224,,,,0.0,4.5,77.7268292682927,1.36,82100243.0,42151293.0
DJI,1999,0.0,0.5571643477677,1230.00001907349,,,,0.1329,,,,,81.3,56.992,4.622,699973.0,347724.0
DMA,1999,43.2432432432432,1.5752993068683,189.999997615814,2.53638991143232,433163858.933012,,,,,,,13.7,,,69828.0,
DNK,1999,11.2512846865365,10.6599290954055,73510.0021362305,1.68475372464907,141846293400.642,4.3000001907,2.8829,,,,,4.8,76.3414634146341,1.73,5321799.0,2689192.0
DOM,1999,14.2451067976935,2.13225289598058,26440.0005340576,3.83415440241939,53443489094.5434,,,,,,,33.3,69.175,2.882,8343288.0,4163185.0
DZA,1999,0.81997010946399,2.53107051514779,153949.996948242,10.8563363125842,246725425179.206,,,,,,,34.4,70.183,2.635,30623406.0,15103751.0
ECU,1999,69.6255335661622,1.73684381000038,48819.9996948242,-26.2999928320854,71540165654.7739,,1.3724,,,,21.8,26.0,72.425,3.166,12442109.0,6195757.0
EGY,1999,21.4366012117673,1.72611982319758,186070.007324219,0.91943542027353,366212581663.713,,,,,,1.4,39.2,68.357,3.432,67515591.0,33529872.0
ERI,1999,0.467289719626168,0.290514219106718,5449.99980926514,2.31856149221601,3533649355.4762,,,,,,,58.7,54.707,5.43,2237412.0,1124147.0
ESP,1999,13.2668082026069,6.89085253563194,352140.014648438,2.5411710377137,805891424628.996,4.0999999046,3.0454,,,,,4.5,78.7170731707317,1.17,40386875.0,20576752.0
EST,1999,0.19351717464925,10.9980694036443,18079.9999237061,6.46101754257364,11694825363.5915,7.5300002098,3.1386,,,,,9.4,70.0634146341463,1.3,1390244.0,742625.0
ETH,1999,98.8442822384428,0.0494226194709455,75639.9993896484,2.22272296463859,29446594243.9228,,0.02,,,,52.7,90.3,51.366,6.664,64343008.0,32263002.0
FIN,1999,30.512403357473,10.9399447175613,70370.002746582,0.927035885223574,127934744369.414,7.5999999046,2.7589,,,,,3.6,77.2912195121951,1.73,5165474.0,2645100.0
FJI,1999,64.357051807534,0.930172565614373,1909.9999666214,6.73182094422087,4703463406.69275,2.6,0.3361,,,,,19.2,65.512,3.132,806302.0,396804.0
FRA,1999,14.4667396980644,6.19703141532924,507640.014648438,0.203811154729848,1470523899441.7,8.3000001907,3.3345,,,,,4.3,78.7560975609756,1.81,60496708.0,31140700.0
FRO,1999,35.1485148514851,,,,,,,,,,,,78.2317073170732,2.3,46428.0,
FSM,1999,0.221975582685905,1.20628381074335,189.999997615814,-0.784597582283723,249105322.204237,,0.573,,,,,31.7,64.413,4.39,107769.0,53146.0
GAB,1999,63.1024096385542,5.02894772396331,14340.0001525879,19.191335888387,16938747928.9375,,,,,,,54.2,58.646,4.62,1199058.0,604207.0
GBR,1999,2.63271731690623,8.90811234824385,683409.973144531,1.34230672494529,1435578291557.54,4.1999998093,1.9106,,,,0.2,5.7,77.390243902439,1.68,58682466.0,30107684.0
GEO,1999,83.8474554210595,1.08727237038847,13829.9999237061,9.72674960057817,12139872995.0321,5.6900000572,3.8719,,,,21.8,33.7,69.756,1.643,4157192.0,2184417.0
GHA,1999,83.5866752910737,0.34976987746732,17370.0008392334,13.971165047912,32168397251.3984,,,,,,,66.6,56.972,4.899,18812369.0,9318370.0
GIB,1999,0.0,,,,,,,,,,,,,,30526.0,
GIN,1999,52.7539779681763,0.177535105084022,10789.999961853,4.22767530655115,9614095318.5051,,,,,,,103.6,51.295,6.147,8054745.0,4207399.0
GMB,1999,0.0,0.20358338070562,2549.99995231628,-2.43549436370589,2334719455.3715,,,,,,,63.4,55.547,5.908,1277118.0,640507.0
GNB,1999,0.0,0.161409118595775,1570.00005245209,12.3060662570681,1193657421.1524,,,,,,,107.8,49.999,5.913,1177133.0,607784.0
GNQ,1999,17.5,5.55206999389788,7300.00019073486,39.1576256709104,4316220022.03928,,,,,,,109.5,52.93,5.878,581765.0,281427.0
GRC,1999,9.62648041299727,8.12139496945556,112040.000915527,3.62273397235961,198711870247.148,4.6999998093,4.1825,,,,,6.0,77.9878048780488,1.23,10761698.0,5411214.0
GRD,1999,0.0,2.14782922805065,2069.9999332428,1.12148933209397,731754001.848061,,0.5762,,,,,13.1,72.455,2.666,102429.0,51533.0
GRL,1999,58.023019634394,,,1.06045632023837,,,,,,,,,66.3590243902439,2.415,56100.0,
GTM,1999,57.0133127532317,0.724953006247504,17329.9999237061,5.04155798311092,52046949577.7614,,0.8751,,,,,42.5,67.351,4.699,11311078.0,5756928.0
GUM,1999,0.0,,,,,,1.084,,,,,,74.646,2.846,153955.0,75034.0
GUY,1999,0.0,2.3210026731548,3950.00004768372,11.2105069504252,4447139700.01352,,,,,,,37.8,64.964,3.036,749676.0,377050.0
HKG,1999,0.0,,,-4.09580238935787,170834978086.789,,,,,,,,80.3829268292683,0.981,6606500.0,3342651.0
HND,1999,62.1472214140239,0.742519313318139,12180.0003051758,7.57572728281066,15509539250.2388,,,,,,24.9,31.5,70.378,4.367,6397140.0,3216618.0
HRV,1999,56.5307852354165,4.10406690426821,26180.0003051758,3.50237240919024,44946993772.7343,5.9299998283,2.5007,,,,,7.4,72.6419512195122,1.38,4512597.0,2338795.0
HTI,1999,58.0229226361031,0.165883926929332,6840.00015258789,7.03140253670993,17935383849.6535,,,,,,,76.8,56.891,4.452,8319070.0,4223357.0
HUN,1999,0.650243180376401,5.65663788042623,73910.0036621094,8.12026421353582,111315201192.571,8.1000003815,3.5501,,,,,9.1,70.6770731707317,1.28,10237530.0,5363497.0
IDN,1999,14.123261362975,1.33969163728749,660119.995117188,14.1611959857791,934107259827.278,,,,,,46.0,42.7,65.513,2.523,208615171.0,104252992.0
IMN,1999,0.0,,,2.29396839491729,,,,,,,,,,,75996.0,
IND,1999,15.2580757461935,0.868284687641883,1658410.03417969,3.06839552078171,2082700396480.41,,,,,,,68.9,62.093,3.379,1038058154.0,498372774.0
IRL,1999,5.16425453710085,10.6450807049989,67860.0006103516,4.38312959653821,101534472721.861,4.6999998093,2.2696,,,,,6.1,76.0829268292683,1.9,3754786.0,1889591.0
IRN,1999,4.41970310391363,4.99005607563169,499730.010986328,31.7078471451187,658276641950.742,,,,,,,31.2,69.813,2.177,64800875.0,31829262.0
IRQ,1999,1.91680131799892,3.18874684178768,143559.997558594,71.1480449204339,217070192394.864,,,,,,,36.3,69.108,5.036,22802061.0,11302612.0
ISL,1999,99.9304396215915,7.64291714284684,3339.99991416931,3.4988933721487,8198700509.48308,,3.4,,,,,3.4,79.3512195121951,1.99,277381.0,138548.0
ISR,1999,0.0841514726507714,8.64979591836735,68959.9990844727,6.23940931100661,138397458398.735,6.1199998856,4.4045,,,,,5.8,78.6585365853659,2.965,6125000.0,3106819.0
ITA,1999,19.7932537463115,7.60783590406948,511859.985351563,1.5361284470883,1457193715148.05,4.9000000954,5.9882,,,,,5.0,79.4243902439024,1.23,56916317.0,29369602.0
JAM,1999,4.8267513996066,3.79081824317985,11689.9995803833,6.91606081241565,16336763407.6229,,,,,,2.3,19.5,74.152,2.623,2632677.0,1323675.0
JOR,1999,0.240079084875018,2.90753482781551,20309.9994659424,-0.383986268885721,28495930305.5995,,1.925,,,,,23.1,71.556,4.178,5031754.0,2419664.0
JPN,1999,9.22474326813322,9.20248596315278,1259829.95605469,-1.24105134726258,3258971755243.63,14.8000001907,,,,,,3.4,80.5707317073171,1.342,126631000.0,64416945.0
KAZ,1999,12.9100172638848,8.21589812795419,157960.006713867,13.2801406207938,102394278397.406,7.25,3.366,,,,,38.8,65.63,1.8,14928374.0,7740985.0
KEN,1999,66.3806728381124,0.240845592475816,36209.9990844727,4.19393904906435,56790752483.8727,,,,,,,61.8,51.059,5.239,31098763.0,15657195.0
KGZ,1999,85.9002476123099,0.98958763738534,9539.99996185303,37.57444048234,8456627112.61021,7.4699997902,2.9033,,,,,44.4,68.6560975609756,2.6,4840400.0,2448184.0
KHM,1999,0.0,0.160686979744355,20479.9995422363,1.26155228750497,11607730738.5957,,,,,,,83.4,57.604,3.971,11886464.0,6108956.0
KIR,1999,0.0,0.361580831394858,50.0000007450581,4.4921875,122159618.908823,,,,,,,52.8,62.829,4.11,82969.0,42048.0
KNA,1999,0.0,4.12635825959378,270.000010728836,2.7800211954283,613349957.278454,,1.055,,,,,20.7,,,43622.0,
KOR,1999,1.80690673865431,8.62094910797696,453989.990234375,-1.22983539023988,783492526099.428,5.5999999046,1.3,,,,,6.8,75.409756097561,1.425,46616677.0,23225978.0
KWT,1999,0.0,23.4366753738647,63990.0016784668,18.0893573873241,107188563017.681,,,,,,,11.0,73.074,2.89,1951642.0,812615.0
LAO,1999,91.4756034219475,0.168088446612531,7190.00005722046,127.973966400029,9003844816.82,,,,,,,79.2,58.225,4.506,5235339.0,2627506.0
LBN,1999,3.32099629888967,4.54671347860403,20079.9999237061,0.812850465148898,33155730922.7457,,,,,,,18.0,74.017,2.502,3747762.0,1884655.0
LBR,1999,0.0,0.148164171828953,800.000011920929,,,,,,,,,136.0,51.234,5.939,2699708.0,1354517.0
LBY,1999,0.0,8.19193464041634,105879.997253418,,103142450199.355,,,,,,,24.9,70.684,2.97,5275921.0,2532949.0
LCA,1999,0.0,2.51632384442667,740.000009536743,2.33253225134298,1417715492.63482,,,,,,,15.7,73.144,2.35,154988.0,78958.0
LIE,1999,0.0,7.01968564016481,230.000004172325,0.819192785901677,,,,,,,,,79.109756097561,,32765.0,
LKA,1999,67.480595084088,0.509020567806549,21530.0006866455,4.16270115905732,75087760539.0983,2.2000000477,0.3747,,,,,14.7,70.503,2.239,18663293.0,9338128.0
LSO,1999,100.0,0.193094925465359,2359.99989509583,8.13125252957954,2401174510.20721,,,,,,,69.5,49.328,3.857,2019732.0,1046577.0
LTU,1999,3.17060126824051,3.47592869721057,21340.0001525879,-1.25689219624905,27562071462.9566,9.8500003815,3.3124,,,,,8.9,71.5707317073171,1.46,3524238.0,1872416.0
LUX,1999,33.8888888888889,18.3982809686974,8899.99961853027,4.76461985998604,21456887315.5603,6.3000001907,2.5,,,,,4.0,77.7707317073171,1.74,430475.0,218564.0
LVA,1999,67.1289537712895,3.1583588581717,11350.0003814697,1.49184250811378,17703546279.4406,9.029999733,3.3391,,,,,12.4,69.7429268292683,1.16,2390482.0,1291778.0
MAC,1999,0.0,,,-1.19134532538332,13812151421.9914,,,,,,,,80.15,1.002,418388.0,217534.0
MAF,1999,0.0,,,,,,,,,,,,76.6731707317073,1.83,28122.0,
MAR,1999,6.39782861574254,1.1315912731681,48369.9989318848,0.569546370386192,99853032164.0253,,,,,,,45.6,68.245,2.842,28455504.0,14344077.0
MCO,1999,0.0,,,0.0462481362141176,,,,,,,,4.4,,,31836.0,
MDA,1999,6.23655913978495,2.50875932464882,12260.0002288818,39.7816660897245,8624632958.94773,8.1899995804,,,,,33.5,28.3,66.852,1.527,2929735.0,1527898.0
MDG,1999,61.847810107951,0.109275143294393,27020.0004577637,7.18914293986137,19104587199.3299,,,,,,66.9,70.3,57.782,5.653,15282524.0,7672441.0
MDV,1999,0.0,1.57208560920145,509.999990463257,2.75330661197941,2223344903.26589,,,,,,,34.9,69.348,2.993,273522.0,135507.0
MEX,1999,20.9075244112579,3.6434389381822,503029.998779297,16.102819047641,1018601794034.79,1.1000000238,1.7,,,,,24.8,73.988,2.766,97484823.0,49601521.0
MHL,1999,0.0,1.98341862033401,129.999995231628,3.11731097309666,118280944.010834,2.1,,,,,,33.7,67.5048780487805,5.71,50418.0,
MKD,1999,20.2389625528195,4.50637585256764,12039.999961853,2.73806691562446,11547068946.0865,5.0999999046,2.1779,,,,,15.6,72.790243902439,1.765,2017142.0,1006249.0
MLI,1999,30.6878306878307,,19280.0006866455,16.2860455817107,12137649017.9746,,,,,,,104.1,47.515,6.921,10642937.0,5368284.0
MLT,1999,0.0,6.21810319471177,2680.0000667572,0.765630178547383,5856495175.74355,5.5700001717,,,,,,7.1,77.5,1.73,387578.0,195439.0
MMR,1999,22.3755119637853,0.188605397340794,71459.9990844727,28.3523645026101,33524972562.2361,,0.297,,,,,66.9,59.744,2.906,46181075.0,23796858.0
MNE,1999,0.0,1.99669637508849,3759.99999046326,,,,1.8578,,,,,12.9,73.2386341463415,1.888,606001.0,306000.0
MNG,1999,0.0,3.62338967472818,29000.0,10.8817569804571,8633625608.92873,,2.54,,,,,51.9,62.446,2.214,2376228.0,1192089.0
MNP,1999,0.0,,,,,,0.445,,,,,,,,55633.0,
MOZ,1999,99.6887159533074,0.0713284299580334,20819.9996948242,9.35341545901139,8178183272.56248,,,,,,,119.0,48.572,5.84,17244176.0,9005611.0
MRT,1999,0.0,0.507498485312213,8800.00019073486,4.7745193014141,8131170157.74923,,,,,,,69.3,60.643,5.455,2561584.0,1288820.0
MUS,1999,20.7570977917981,1.8719150627049,3869.99988555908,6.57191240445168,9671785042.87328,,,,,,,18.1,70.9609756097561,2.05,1175267.0,591986.0
MWI,1999,82.5168918918919,0.0727820477090929,3769.99998092651,39.6907783221822,10354561644.6489,,,,,,,106.4,45.136,6.133,10854325.0,5490940.0
MYS,1999,11.5355724863183,5.05046203674256,147929.992675781,0.045452820569551,268736420543.215,,0.683,,,,,9.4,72.418,2.913,22661293.0,11121621.0
NAM,1999,96.6914805624483,1.12253743350525,9869.99988555908,6.78525613443288,8811665858.07857,,,,,,,45.8,53.231,4.014,1763861.0,913295.0
NCL,1999,29.1358024691358,,,6.11501690527531,,,1.982,,,,,,73.8756097560976,2.48,209214.0,103207.0
NER,1999,0.0,0.0594697748071761,18530.0006866455,0.37974663716507,8705873816.81499,,,,,,,100.2,49.279,7.689,10929922.0,5521898.0
NGA,1999,38.2124432842315,0.729665938859411,225839.996337891,13.4305716332005,262283952796.102,,,,,,,112.7,46.103,6.131,119260055.0,59154807.0
NIC,1999,27.3776546629732,0.709270871547639,11720.0002670288,9.22623261781912,13237700346.9383,,,,,,,33.0,69.1,3.218,4991041.0,2521582.0
NLD,1999,2.89091328413284,10.2105427189629,207940.002441406,1.28336999636159,462796668420.942,5.0,2.3768,,,,0.2,5.2,77.8365853658537,1.65,15812088.0,7980350.0
NOR,1999,99.5608691030118,8.89752892985587,53250.0,6.665970402608,136333970612.487,3.9000000954,,,,,,4.0,78.2829268292683,1.85,4461913.0,2252100.0
NPL,1999,95.4668470906631,0.132709649025088,26379.9991607666,8.8870474316757,29758555947.4005,0.200000003,,,,,,61.8,61.6,4.135,23509971.0,11773455.0
NRU,1999,0.0,8.61326442721792,100.000001490116,,,,,,,,,35.4,,,10449.0,
NZL,1999,69.524288018616,7.46004015540664,77010.0021362305,0.514673087855996,78923926226.423,,2.2,,,,,6.3,77.890243902439,1.97,3835100.0,1951226.0
OMN,1999,0.0,9.74766929590607,34250.0,11.0382944317452,85154027074.3743,,0.9641,,,,,15.1,71.664,3.989,2254898.0,975357.0
PAK,1999,29.3219823654606,0.712499673128061,230500.0,5.86228617975773,394022016362.823,,0.6284,,,,,86.7,62.564,5.172,138624625.0,67055726.0
PAN,1999,68.8646288209607,1.68618910156412,9909.99984741211,0.842387065816723,24112353543.6219,,1.2325,,,,12.3,22.4,74.881,2.767,2971197.0,1473637.0
PER,1999,77.0693277310924,1.11472011494616,61869.9989318848,2.9345454117468,126920330410.656,,1.1427,,,,19.3,31.7,70.7,2.917,26078295.0,13079204.0
PHL,1999,44.4921799575208,0.937820250777956,137300.003051758,6.33463973024264,251014110280.807,,,,,,,29.2,68.744,3.85,76325927.0,37867397.0
PLW,1999,0.0,10.6535982528099,219.999998807907,,,,,,,,,25.9,,,18773.0,
PNG,1999,55.0586191923578,0.45485033149842,13149.9996185303,11.0688942082222,12192508478.8397,,,,,,,54.3,59.049,4.569,5716166.0,2810786.0
POL,1999,1.67998800008571,7.9921840175409,368339.996337891,6.16457686364144,388183852269.954,5.0999999046,2.2693,,,,,8.6,73.0439024390244,1.37,38660271.0,19883133.0
PRI,1999,0.724867485162869,,,1.47277776354309,82753187706.5697,,,,,,,,75.375487804878,2.0,3800081.0,1972553.0
PRK,1999,55.3763440860215,2.92897907614422,83690.0024414063,,,,,,,,,49.4,64.684,1.999,22731470.0,11650473.0
PRT,1999,20.091345481661,6.08837807800249,79150.0015258789,3.37052757718268,181041025245.14,3.7999999523,3.1149,,,,,5.9,75.9634146341463,1.5,10217828.0,5292683.0
PRY,1999,99.9711371945353,0.818580669303762,31579.9999237061,10.6801279115958,35417039691.3586,,,,,,10.2,28.5,70.31,3.678,5216346.0,2569977.0
PSE,1999,0.0,,,-3.02934104454894,8693635940.79534,,,,,,,26.1,70.797,5.55,2848431.0,1402482.0
PYF,1999,34.5367123287671,,,0.930593251939854,,,,,,,,,71.946,2.52,236217.0,114502.0
QAT,1999,0.0,50.8338504362947,37400.0015258789,,,,,,,,,11.2,77.327,3.329,570486.0,197499.0
ROU,1999,36.0678367185959,3.78203313984845,116910.003662109,49.5224630026867,125764153624.448,7.3099999428,,,,,,19.2,70.5121951219512,1.3,22472040.0,11469109.0
RUS,1999,18.9924374251047,10.3503197260579,2124199.95117188,72.3866054689099,870676186417.134,10.8500003815,2.3739,,,,4.4,16.1,65.9821951219512,1.157,147214776.0,78275119.0
RWA,1999,96.969696969697,0.0706550038806928,2430.0000667572,11.0347781094573,4512730439.17939,,,,,,,117.8,46.639,5.737,7501238.0,3840424.0
SAU,1999,0.0,11.8606369219468,330980.010986328,14.4883290133917,762084694876.985,,,,,,,19.9,72.327,4.137,20194531.0,9195460.0
SDN,1999,49.9380932728023,0.199425294608622,73120.002746582,15.823578015666,81424921242.5271,,,,,,,68.8,58.096,5.542,26626512.0,13274739.0
SEN,1999,3.57653791130186,0.413848585970303,16700.0007629395,-0.525447722709572,18418554573.0658,,,,,,,69.5,57.523,5.541,9568717.0,4859290.0
SGP,1999,0.829945799457995,9.54853370645029,50020.0004577637,-3.57782977150977,158126116538.266,,1.3465,,,,,3.3,77.5512195121951,1.47,3958723.0,1927542.0
SLB,1999,0.0,0.572720572122951,519.999980926514,7.67457996082904,768015706.397739,,0.1345,,,,,25.9,67.057,4.789,401592.0,195091.0
SLE,1999,0.0,0.0448191926539551,2369.99988555908,17.1938503921987,2909673946.40742,,,,,,,140.6,38.634,6.39,4462374.0,2250084.0
SLV,1999,64.1965255157438,0.959821955593606,10510.0002288818,0.994105168134183,25402380681.1696,,1.2435,,,,17.3,28.9,68.581,3.144,5844834.0,3024616.0
SMR,1999,0.0,,,1.55463608639049,1377385408.97657,,,,,,,5.4,,,27141.0,
SOM,1999,0.0,0.0584549537358269,25030.0006866455,,,,,,,,,104.4,50.392,7.664,8553595.0,4269277.0
SRB,1999,41.0655492367555,5.30608385416107,57819.9996948242,27.8958985102444,41683527791.6665,,,,,,,11.4,,,7540401.0,3836936.0
SSD,1999,0.0,0.0707799478385489,49930.0003051758,,,,,,,,,113.6,48.754,6.303,5933884.0,2979111.0
STP,1999,28.5714285714286,0.357234717498785,70.0000002980232,,,,,,,,,57.4,60.742,5.226,139964.0,70797.0
SUR,1999,0.0,4.61988052774077,3410.00008583069,73.9731867593173,3439489286.31788,,,,,,18.4,28.4,67.781,2.923,465380.0,230089.0
SVK,1999,15.918875644903,7.53518333883121,48610.0006103516,7.21505506002585,57813914070.6221,8.0,3.3192,,,,,8.5,72.9024390243902,1.33,5396020.0,2774868.0
SVN,1999,28.4421655858845,7.51874011936189,17940.0005340576,6.5314195214609,33876856910.2429,5.5500001907,,,,,,4.8,75.009756097561,1.21,1983045.0,1014339.0
SWE,1999,48.2743254239915,6.4643050917184,72050.0030517578,0.897864615617408,243339601758.025,3.7000000477,3.0048,,,,,3.4,79.4414634146342,1.5,8857874.0,4478662.0
SWZ,1999,41.5401540154015,0.684032370826019,2329.99992370605,5.3700590467124,4556957564.8191,,,,,,,65.9,49.424,3.997,994105.0,516060.0
SXM,1999,0.0,,,,,,,,,,,,,,31084.0,
SYC,1999,0.0,3.85524188533764,400.000005960464,2.05663148577453,1114047127.10164,,,,,,,11.9,72.6682926829268,2.04,80410.0,40303.0
SYR,1999,11.919891318638,2.73947932533,93230.0033569336,7.44219677268558,,1.3999999762,1.3359,,,,,20.4,72.882,4.152,16013992.0,7920656.0
TCA,1999,0.0,,,,,,,,,,,,,,19069.0,
TCD,1999,0.0,0.0608428699358244,32139.9993896484,-7.57286628466451,6303577859.57631,,0.0288,,,,,101.2,47.657,7.384,8053532.0,4046215.0
TGO,1999,48.1308411214953,0.357706536302507,4619.99988555908,1.11512720227402,4714288848.96956,,,,,,,77.6,53.547,5.466,4780455.0,2421386.0
THA,1999,4.88899254767379,2.62911335892804,249309.997558594,-2.57695297761677,429888157734.617,2.2000000477,0.2912,,,,4.0,19.6,70.463,1.705,62298569.0,31488907.0
TJK,1999,97.6577831233779,0.41505546709754,6980.00001907349,26.5011437514061,5877495418.35795,6.8000001907,2.1186,,,,62.0,72.2,61.161,4.084,6119664.0,3056484.0
TKM,1999,0.0564334085778781,8.43906798118193,74690.0024414063,23.0053043870684,17879511411.9998,,,,,,,59.9,63.413,2.903,4466133.0,2267633.0
TLS,1999,0.0,,589.999973773956,,,,,,,,,88.6,58.037,6.023,873138.0,432115.0
TON,1999,0.0,1.12849448576558,250.0,6.40127148686969,346151668.138573,,,,,,,14.9,69.601,4.27,97475.0,47830.0
TTO,1999,0.343053173241852,7.83273084600614,14380.0001144409,4.30318181247706,16842450847.6199,,0.9265,,,,,24.7,69.199,1.772,1263927.0,634547.0
TUN,1999,0.900270081024307,2.04502232101296,28750.0,3.36141895778627,57251648611.4383,,0.7436,,,,,26.6,72.904,2.208,9613587.0,4767441.0
TUR,1999,29.9828237718997,3.09292132656511,259130.004882813,54.2799583040521,546531228972.082,2.5999999046,1.2789,,,,,33.0,69.417,2.556,62287391.0,31607152.0
TUV,1999,0.0,1.07020547945205,19.9999995529652,6.12139353680394,24012080.3014147,,,,,,,34.8,,,9344.0,
TZA,1999,93.714781100997,0.0771060979908354,48110.0006103516,10.6903266760321,36234599989.7565,,,,,,,83.0,50.248,5.711,32682240.0,16427122.0
UGA,1999,99.5517640254482,0.0562032581682286,18530.0006866455,-0.113130549810464,25576622727.0405,,,,,,68.7,90.3,45.373,6.903,22952406.0,11650079.0
UKR,1999,8.33236402549667,6.15472883198454,376869.995117188,27.3999267140709,193450616849.986,8.9499998093,2.986,,,,,16.3,67.9809756097561,1.127,49674000.0,26539164.0
URY,1999,77.1059216013344,2.04957368565041,34159.9998474121,4.32609621219365,33906555933.7257,,3.745,,,,,15.3,74.523,2.265,3308005.0,1706429.0
USA,1999,9.06920058095258,20.1011324541284,6625279.78515625,1.40923275648311,9631174489000.01,3.5999999046,,,,,0.7,7.2,76.5829268292683,2.0075,279040000.0,141656845.0
UZB,1999,12.5451820506039,4.79152998665249,165649.993896484,44.1153632821145,61716743122.6622,5.3899998665,,,,,,52.9,66.959,2.72,24311650.0,12220083.0
VCT,1999,19.4413407821229,1.763128346464,270.000010728836,1.81730159520863,710283449.543715,,,,,,,19.2,70.762,2.442,107763.0,53522.0
VEN,1999,75.1646552472619,5.28478820514127,323220.001220703,26.1927100615555,267752300688.163,,,,,,11.8,33.0,71.93,2.867,23739835.0,11821836.0
VGB,1999,0.0,,,,,,,,,,,,,,20026.0,
VIR,1999,0.0,,,,,,,,,,,,76.4618536585366,2.129,108599.0,56157.0
VNM,1999,58.4659790313681,0.587201727681346,127360.000610352,5.73470283231028,184670047317.638,,0.515,,,,,24.5,72.824,2.096,79035871.0,39897047.0
VUT,1999,0.0,0.496527069000712,589.999973773956,3.07863899898366,379320237.218633,,,,,,,24.1,67.134,4.531,181259.0,88496.0
WSM,1999,35.2941176470588,0.864025436908863,430.000007152557,1.12623801086085,529104272.118636,,0.6912,,,,,18.7,68.399,4.541,173606.0,83163.0
XKX,1999,0.0,,,,,,,,,,,,66.9512195121951,2.88,1762000.0,
YEM,1999,0.0,0.830912448835502,33889.9993896484,33.4625759504939,47408585535.7723,,,,,,,71.6,60.204,6.514,16921157.0,8377577.0
ZAF,1999,0.460528285317979,6.27918580379408,369000.0,6.88883410122743,358222819601.563,,,,,,,47.5,57.144,2.754,44338551.0,22476167.0
ZMB,1999,99.3302421432251,0.173560366070368,25510.0002288818,17.9238730663514,16107044136.6051,,,,,,,93.5,43.594,6.065,10140564.0,5110898.0
ZWE,1999,41.0097306444789,1.3381013272578,33770.0004577637,8.00681327830817,27205943248.6773,,,,,,,53.2,45.461,3.786,11822722.0,6019337.0
